"id","site","job_url","job_url_direct","title","company","location","date_posted","job_type","salary_source","interval","min_amount","max_amount","currency","is_remote","job_level","job_function","listing_type","emails","description","company_industry","company_url","company_logo","company_url_direct","company_addresses","company_num_employees","company_revenue","company_description","skills","experience_range","company_rating","company_reviews_count","vacancy_count","work_from_home_type"
"in-b5632e86bf80765a","indeed","https://www.indeed.com/viewjob?jk=b5632e86bf80765a","https://apply-v41.jobsync.io/indeed/r-app/4a34e4a139462bce05a0399a43b2f0009c9a3e27073bc3d779a4fbec/","Event Security - Super Bowl LX Events - OVERNIGHTS","Allied Universal Event Services","Santa Clara, CA, US","2025-11-20","parttime","","hourly","","","USD",False,"","","","","Event Security \\- Super Bowl LX Events \\- OVERNIGHTS

**Overview**
------------


Company Overview:


Kick off your exciting career in Event Security with Allied Universal® Event Services, the go\\-to leader in crowd management and event staffing. Dive into the action at sports stadiums, concerts, festivals, and convention centers, and thrive on the energy of being where it all happens. Join a lively team that services thousands of venues each year, ensuring safety and fun for everyone. Enjoy the perks of flexible part\\-time work that fits your lifestyle\\-ideal for students, retirees, or anyone seeking a dynamic job. We offer job opportunities in event staff, security, and operations. Join our welcoming, collaborative, and innovative team, and benefit from a range of perks depending on your role and hours. At Allied Universal®, every day brings a new adventure. Ready to make your mark in the event industry? Join us and be part of the excitement!

**Job Description**
-------------------

**COME WORK SUPER BOWL LX EVENTS IN SANTA CLARA AND ACROSS THE BAY AREA \\- FEBRUARY 2026!**

  

**DON'T MISS OUT, BE PART OF A PHENOMENAL TEAM!**

**Weekly Pay**


**All shifts available**

  

**$27 /hr (with active CA state security license) \\***

  

* pay rate specific to SUPER BOWL LX EVENTS contingent on obtaining a California security license, all other events at Levi's Stadium start at $25 /hr.

  



Allied Universal® Event Services is looking to hire security staff to work official Super Bowl LX events. This position is responsible for checking bags, enforcing access control and implementing policies and procedures for the safety of the guests while providing superior customer service.

  



**ESSENTIAL JOB DUTIES AND RESPONSIBILITIES**: Those duties necessary to meet the minimum requirements of the position. Other duties may be assigned.

* Assist in all aspects of event day preparation and execution.
* Allow appropriate entry into each venue, may collect and/or scan tickets, verify wristbands and badges, direct traffic coming in and out of the venue.
* Screen guests during entry via bag searching, hand wand or metal detector, and ID verification.
* Protect guests, staff, and venue ownership group assets by watching for security breaches at vital checkpoints.
* Respond quickly to potential crowd control issues and provide escorts for unruly guests when ejections are warranted.
* Demonstrate an understanding of the policies, procedures and regulations of different venues, facilities and events.
* Provide a positive experience for guests as they arrive at your facility entrance, aisle, concourse area or other location
* Provide guests with helpful directions and/or suggestions that will enhance their entertainment experience.

**QUALIFICATIONS**: To perform this job successfully, the individual must be able to perform each essential duty satisfactorily. The requirements listed below are representative of the knowledge, skills, and/or experience required. Reasonable accommodation may be made to enable individuals with disabilities to perform the essential functions.

* Must be 18 years of age or older.
* Must have a high school diploma or equivalent.
* Licensing requirements are subject to state and/or local laws and regulations and may be required prior to employment.
* As a condition of employment, candidate must successfully complete a background investigation and a post\\-offer/pre\\-employment drug/alcohol test; additional screening may be required if driving a customer or company owned vehicle.
* Able to use good independent judgment and discretion.
* Must be able to work overtime as needed.
* Outstanding oral and written communication skills.

**PERKS AND BENEFITS:**


* Part\\-time flexible scheduling under 30 hours/week that fit with your personal life goals
* 401(k)
* Sick Pay
* Ongoing paid training programs and career growth opportunities
* Employee discounts through our perks program to your favorite restaurants, entertainment venues, and much more!


PPO: 10015

**Closing**
-----------


Allied Universal® is an Equal Opportunity Employer. All qualified applicants will receive consideration for employment without regard to race/ethnicity, age, color, religion, sex, sexual orientation, gender identity, national origin, genetic information, disability, protected veteran status or relationship/association with a protected veteran, or any other basis or characteristic protected by law. For more information: www.aus.com

  



If you have any questions regarding Equal Employment Opportunity, have difficulty using the online system and require an alternate method to apply, or require an accommodation at any time during the recruitment and/or employment process, please contact our local Human Resources department. To find an office near you, please visit: www.aus.com/offices.

**Requisition ID**
------------------

  

2025\\-1481470","","https://www.indeed.com/cmp/Allied-Universal-Event-Services","https://d2q79iu7y748jz.cloudfront.net/s/_squarelogo/256x256/5a513178d67f32e4d72f3d22f38bfb0d","http://www.aus.com/our-services/professional-services/event-services","Irvine, CA","Decline to state","Decline to state","","","","","","",""
"in-ac97350479c5a0a9","indeed","https://www.indeed.com/viewjob?jk=ac97350479c5a0a9","https://jobs.dayforcehcm.com/en-US/atricure/CANDIDATEPORTAL/jobs/10499","Engineering Intern","AtriCure, Inc.","Pleasanton, CA, US","2025-11-20","parttime, fulltime, internship","direct_data","hourly",24.0,28.0,"USD",False,"","","","","AtriCure, Inc. provides innovative technologies for the treatment of Afib and related conditions. Afib affects more than 33 million people worldwide. Electrophysiologists and cardiothoracic surgeons around the globe use AtriCure technologies for the treatment of Afib and reduction of Afib related complications. AtriCure’s Isolator® Synergy™ Ablation System is the first medical device to receive FDA approval for the treatment of persistent Afib. AtriCure’s AtriClip® Left Atrial Appendage Exclusion System products are the most widely sold LAA management devices worldwide. AtriCure’s Hybrid AF™ Therapy is a minimally invasive procedure that provides a lasting solution for long\\-standing persistent Afib patients. AtriCure’s cryoICE cryoSPHERE® probe is cleared for temporary ablation of peripheral nerves to block pain, providing pain relief in cardiac and thoracic procedures. For more information, visit AtriCure.com or follow us on Twitter @AtriCure.We foster a culture of inclusion by embracing diverse experiences and individuals where everyone’s authentic self is welcome. We offer supporting programs and resources that provide enriching and equitable opportunities for each person to contribute professionally and personally.
  
  

**POSITION SUMMARY:**  

The Co\\-Op/Intern is an undergrad or master’s student pursing an engineering degree and is interested in gaining experience in engineering, manufacturing, assembly techniques, process development, and design principles and philosophies. The Co\\-Op/Intern will support engineering, including both sustaining engineering and new product activities. This position will start part\\-time 10\\-15 hours per week in January and transition to full\\-time for the summer semester.
  
  

**ESSENTIAL FUNCTIONS OF THE POSITION:**  

* Perform research for engineering as assigned by a supervisor
* Write process validation/qualification protocols, perform qualification activities, and analyze/document the results
* Design test protocols, equipment and systems as assigned by supervisor
* Responsible for testing, following guidelines described in the AtriCure Quality System, including test report writing
* Responsible for supporting engineering activities and other company functions as assigned by supervisor
* Document and install process equipment
* Identify assembly process or equipment improvements
* Support pilot build activities including production associate training, component and assembly flow, root cause analysis and inspection data organization/collection
* Document all work in compliance with AtriCure Quality System requirements \\& corporate policies


**BASIC QUALIFICATIONS:**  

* Currently pursuing an undergraduate or master’s degree in Biomedical, Mechanical, or related Engineering
* High School diploma
* Desire to initiate a mechanical/manufacturing/engineering career in medical device industry
* Ability to start part\\-time 10\\-15 hours per week onsite in January


**OTHER REQUIREMENTS:**  

* Ability to regularly walk, sit, or stand as required
* Ability to occasionally bend and push/pull
* Ability to regularly lift up to 25 pounds, occasionally lift over 25 pounds
* Ability to pass pre\\-employment drug screen and background check
* 5% travel possibility


\\#LI\\-KF1
  
  

AtriCure participates in the federal E\\-Verify program to confirm the identity of and employment authorization of all newly hired employees. For further information about the E\\-Verify program, please click here https://www.e\\-verify.gov/
  
  

AtriCure is an Equal Employment Opportunity/Affirmative Action employer and provides Drug Free Workplaces. All qualified applicants will receive consideration for employment without regard to race, color, religion, sex, national or ethnic origin, age, protected veteran status, status as an individual with disability, sexual orientation, gender identity or any other characteristic protected by federal, state, or local law(s).","Health Care","https://www.indeed.com/cmp/Atricure,-Inc.","https://d2q79iu7y748jz.cloudfront.net/s/_squarelogo/256x256/863f8041614c295534ae7e76ae50cfef","https://www.atricure.com/careers-atricure","7555 Innovation Way
Mason, OH 45040","1,001 to 5,000","$100M to $500M (USD)","AtriCure is a leading provider of innovative technologies for the treatment of Atrial Fibrillation (Afib) and related conditions.","","","","","",""
"in-51d308ef0fc13252","indeed","https://www.indeed.com/viewjob?jk=51d308ef0fc13252","https://fa-esbv-saasfaprod1.fa.ocs.oraclecloud.com/hcmUI/CandidateExperience/en/sites/CX_1/requisitions/preview/1022977","Development Engineering Intern (Spring & Summer 2026)","First Solar","Santa Clara, CA, US","2025-11-20","fulltime","direct_data","hourly",22.0,31.0,"USD",False,"","","","","*First Solar reserves the right to offer you a role most applicable to your experience and skillset.*
**Basic Job Scope:**


* Leading the world’s sustainable energy future, First Solar interns work around the globe/country in research and development, marketing, project development, information technology, engineering, energy services and much more. When you work at First Solar, you will be challenged every day and provided real world experience. You will be given the opportunity to find new solutions and develop new skills to further advance your skillset. At First Solar we strive to foster a culture that encourages innovation through collaboration, urging colleagues to take smart risks, learning from failures and course correcting, and owning personal accountability for contributing to our mission.


**Expected Length of Internship:**


* Spring/summer 2026 (January through August 2026\\).
* As an internship company, we allow flexibility to enroll in classes while working as an intern, as long as it doesn’t interfere with the essential functions of the position.


**Education/Experience:**


* At least junior year enrollment in an undergraduate program required.
* Must be pursuing a degree in Material Science, Chemistry, Physics, Electrical Engineering, Chemical Engineering, or related STEM field.
* Competency in MS Office (Excel, PowerPoint, Word).
* Basic troubleshooting skills, critical thinking, attention to detail, good communication skills, can follow SOP and work instructions.
* Hands\\-on experience with ALD equipment preferred but not mandatory.
* Working knowledge of analytical tools (UV\\-Vis, AFM, SEM, SIMS, XRD, XRR, ellipsometry) preferred but not mandatory.
* Hands\\-on experience with wet chemistry processing preferred but not mandatory.
* Hands\\-on experience in photovoltaic device fabrication/testing preferred but not mandatory.
* First Solar encourages all interns to register their internship with their university.


**Required Skills/Competencies:**


* Applies basic skills and may develop advanced skills using tools and equipment appropriate for the position or specialization.
* Duties and tasks may not be standardized. Resolves routine questions and problems and refers more complex issues to higher levels.
* Works under daily supervision and follows standard procedures and instructions to accomplish assigned tasks.


**Basic Internship Scope (Project):**


* Support operations for fabrication of research scale photovoltaic devices, including non\\-standard processes.
* Support the electrical and material characterization of thin films and photovoltaic devices.
* Upon the completion of this internship, the intern is required to present their accomplishments and project summary to the leadership team.


**Estimated Salary Range:**


* $22\\.50\\-$31\\.25 Hourly.


**US Physical Requirements:**


* Will sit, stand or walk short distances for up to the entire duration of a shift.
* Will climb stairs on an occasional basis.
* Will lift, push or pull up to 37 pounds on an occasional basis.
* Required to use hands to grasp, lift, handle, carry or feel objects on a frequent basis.
* 20/40 vision in both eyes together, with or without correction, is required.
* Must be able to comply with all safety standards and procedures.
* May reach above shoulder heights and below the waist on a frequent basis.
* May stoop, kneel, or bend, on an occasional basis.
* Ability to wear personal protective equipment is required (including but not limited to; steel\\-toed shoes, gloves, safety glasses, hearing protection, protective jacket or apron and arm guards, and a condition of employment and continued employment (requires little or no facial hair) for those requiring respirator use.


All positions in our office require interaction with people and technology while either standing or sitting. To best service our customers, internal and external, all associates must be able to communicate face\\-to\\-face and on the phone with or without reasonable accommodation. First Solar is committed to compliance with its obligations under all applicable state and federal laws prohibiting employment discrimination. In keeping with this commitment, it attempts to reasonably accommodate applicants and employees in accordance with the requirements of the disability discrimination laws. It also invites individuals with disabilities to participate in a good faith, interactive process to identify reasonable accommodations that can be made without imposing an undue hardship.


*Potential candidates will meet the education and experience requirements provided on the above job description and excel in completing the listed responsibilities for this role. All candidates receiving an offer of employment must successfully complete a background check and any other tests that may be required.*


*Equal Opportunity Employer Statement: First Solar is an Equal Opportunity Employer that values and respects the importance of a diverse and inclusive workforce. It is the policy of the company to recruit, hire, train and promote persons in all job titles without regard to race, color, religion, sex, age, national origin, veteran status, disability, sexual orientation, or gender identity. We recognize that diversity and inclusion is a driving force in the success of our company.*


  
Job Identification
1022977
Job Category
Intern
Posting Date
11/20/2025, 01:14 PM
Locations
 1035 Walsh Ave, Santa Clara, CA, 95050, US
Job Schedule
Full time
Work Schedule
M\\-F 8:00 AM \\- 4:30 PM(United States of America)","","https://www.indeed.com/cmp/First-Solar-1","https://d2q79iu7y748jz.cloudfront.net/s/_squarelogo/256x256/9e16b1a2156929b006abac2302e69b0f","https://www.firstsolar.com","Tempe, AZ","5,001 to 10,000","$1B to $5B (USD)","First Solar (Nasdaq: FSLR) is a leading global provider of comprehensive photovoltaic (PV) solar systems which use its advanced thin-film modules.","","","","","",""
"in-4ff2370a1499f13d","indeed","https://www.indeed.com/viewjob?jk=4ff2370a1499f13d","https://recruiting.paylocity.com/recruiting/jobs/Details/3730521/Center-for-Social-Dynamics/Clinical-Leader-Intern---Rohnert-Park?source=Indeed_Feed","Clinical Leader Intern - Rohnert Park","Center for Social Dynamics","Rohnert Park, CA, US","2025-11-20","internship","direct_data","hourly",20.0,27.0,"USD",False,"","","","","Description:

As part of our commitment to growing from within, we are excited to introduce CSD University! This a training program that is designed to prepare you for your next level in the ABA field. At CSD, we believe that developing our people is the key to providing excellent service and fulfilling our mission to open a world of possibilities for our clients.


Are you a self\\-motivated, hands\\-on individual looking to do something passionate and meaningful with your career? Join us as we open a world of possibilities.


We are currently seeking a **Clinical Leader Intern** to join our dynamic and growing team!

* Position starts at $20\\-$27/ Hourly
* Paid training
* Growth \\& development opportunities

**About Us**


The Center for Social Dynamics (CSD) is an organization providing services to those with developmental delays, including autism. **Our mission is to open a world of possibilities for individuals with Autism and other developmental needs through science, compassion, and humility**.


We are grounded in our values of Transparency, Respect, Understanding, \\& Excellence (TRUE), which guide our efforts as a respected \\& growing employer and industry leader. Our people and programs deliver personalized, professional, evidence\\-based behavioral and developmental services to each participant, and peace of mind to caregivers that their loved ones are in the right hands.

**About the Opportunity**


The Clinical Leader Intern designs and supervises the provision of evidence\\-based mental health services and programs for children with autism spectrum disorders and/or similar developmental disabilities in response to physician recommendations in home, school and/or other natural settings.


Duties \\& Responsibilities:

* Adhere to CSD's Commitment to Quality Standards
* Conduct regular home visits for the assigned caseload to provide:
* Individualized parent education
* Supervise the implementation of the program
* Monitor the completion of all necessary documentation
* Provide in\\-field feedback to Behavior Specialists
* Provide support to Behavior Specialists by:
* Evaluating performance and giving direct feedback
* Addressing any concerns that might impact the validity and success of the client's ABA program with the Behavior Specialist
* Collaborating with the training department to plan and execute individualized training
* Monitoring daily direct service appointments for completion and accurate session notes
* Updating and maintaining quality and continuity of lesson plans submitted by Behavior Specialists
* Assuring that the responsibilities, authorities, and accountabilities are defined and understood by team members
* Following up on family cancelations and ensuring make\\-up session plans
* Maintain appropriate progress notes for supervision hours and input Direct Supervision hours on CSD's scheduling and billing program
* Maintain appropriate progress notes for supervision hours and input Mid\\-Level Supervision (MLS) hours on CSD's scheduling and billing program
* Meets daily and monthly billable hours goal as set by CSD
* Educate families on the importance of maintaining a consistent schedule with the number of hours that are clinically appropriate for the client
* Meets daily and monthly billable hours goal as set by CSD.
* Maintain regular communication with Human Resources and the Regional Director regarding administrative concerns involving clients, Behavior Specialists, and/or Clinical Directors.
* Remains current regarding new research, current trends and developments related to autism, special education, and related fields.
* Attend staff meetings, in\\-services, trainings and other meetings as requested.
* Additional job duties as assigned


Benefits \\& Perks


You will have an opportunity to grow your career in this purpose\\-filled industry where you can see results every day. Benefits include:

* Competitive, market pay based on experience, location, and skills
* Bonus eligibility
* Paid drive time and mileage reimbursement
* CSD issued cell phone
* Free college or tuition reimbursement through our Dreams Come True program

**About Our TRUE Values**

**Transparency** in the work that we do and the actions we take to achieve our mission. There are no hidden agendas or motives at Center for Social Dynamics. Each family’s unique cultures, values, and generational dynamics.

**Respect** for all and the value that everyone brings towards accomplishing our mission. No one at CSD is worth more or less, and together we are greater than the sum of our parts.

**Understanding** through tolerance, cooperation, and empathy in the pursuit of our mission. We never lose sight of who we are, the people we serve, and our purpose and meaning.

**Excellence** in our drive, passion, and commitment to our mission. CSD will always do what it takes to deliver the best, leave no one behind, and champion our cause.


Requirements:
**About You**


Requirements \\& Qualifications

* Minimum of a bachelor's degree in one of the following disciplines: psychology, childhood development, childhood education, special education, pediatric therapy (physical, occupational, or speech therapy), or related field
* Must be eligible to enroll or already enrolled in a master's program (BCBA)
* 2\\+ years of related professional experience implementing behavior modification intervention services OR 1 year of related professional experience implementing behavior modification intervention services and 12 semester units in applied behavior analysis OR you are a Board Certified associate Behavior Analyst
* Knowledgeable of methodologies found to benefit children with autism spectrum disorders, including Applied Behavioral Analysis (""ABA""), Early Start Denver Model (""ESDM""), Treatment and Education of Autistic and related Communication\\-Handicapped Children (""TEACCH""), Picture Exchange Communication System (""PECS"") and Pivotal Response Training (""PRT"")
* Ability to travel to and work in multiple program service areas
* Reliable transportation is required


Physical requirements may include but is not limited to:

* Constant visual stimulation, including close vision, distance vision, reading, computer work
* Constant sitting; frequent up and down out of chair
* Constant use of telephone, speaking, listening
* Constant document handling, use of copier and fax machine, filing
* Frequent typing, use of computer
* Occasional walking around building
* Occasional bending, reaching, stooping, pulling
* Occasional lifting, carrying, moving of items up to 20 pounds
* Occasional walking to, bending to enter, sitting and using upper and lower limbs to drive car


CSD is a proud equal opportunity employer. All applicants will be considered for employment without attention to race, color, religion, sex, sexual orientation, gender identity, national origin, veteran or disability status.


In accordance with the Fair Chance Act, we will consider for employment qualified applicants with arrest and conviction records. CSD is dedicated to ensuring fair hiring practices and encourages all individuals, including those with prior criminal histories, to apply.


\\#LI\\-Onsite","","https://www.indeed.com/cmp/Center-For-Social-Dynamics","https://d2q79iu7y748jz.cloudfront.net/s/_squarelogo/256x256/f4e93c98c464da67463173c0c914ed2c","http://www.csdautismservices.com","","1,001 to 5,000","Decline to state","The Center for Social Dynamics (CSD) is a multi-cultural organization providing ABA autism treatment to diverse populations in the Bay Area.","","","","","",""
"in-3cd07a10ff8ccfcd","indeed","https://www.indeed.com/viewjob?jk=3cd07a10ff8ccfcd","https://ptc.eightfold.ai/careers/job/137477888549","Arena Software Engineer Intern","PTC","Foster City, CA, US","2025-11-20","internship","","hourly","","","USD",False,"","","","TalentAcquisition@ptc.com","Our world is transforming, and PTC is leading the way. Our software brings the physical and digital worlds together, enabling companies to improve operations, create better products, and empower people in all aspects of their business.


Our people make all the difference in our success. Today, we are a global team of nearly 7,000 and our main objective is to create opportunities for our team members to explore, learn, and grow – all while seeing their ideas come to life and celebrating the differences that make us who we are and the work we do possible.

**Your Impact**: As a Platform Engineering Intern, you will work on internal projects that improve the development process and productivity. You may also work on innovative projects that could have an impact on future features in the product.

 **Your Team**: At Arena, a PTC Business, we help high tech manufacturers and medical device companies create products that change the world. Our cloud\\-based product lifecycle management (PLM) and quality management (QMS) software is used by leading product innovators like Nutanix, Bio\\-Rad, Sonos, Teleflex, and Citrix. Join our PTC family and you will thrive in an award\\-winning workplace that fosters a work\\-life balance.

 **Day\\-To\\-Day**:


The position mostly involves backend development. We use Java/Scala mostly. Python is also used in some projects.


Document the project requirements and technical design


Develop, improve, and maintain tools used by the engineering team


Develop, improve, and maintain features in the Arena PLM SaaS application


Work on new innovative initiatives


Participant in technical discussions on various topics

 **Required Skills and Knowledge**


Proven ability to solve problems in high\\-pressure situations.


Strong communication skills, both written and verbal.


Ability to learn quickly and apply knowledge to new tasks or technologies.


Self\\-motivated, adaptable, and willing to embrace change.

 **Preferred Skills and Knowledge**:


Basic knowledge of Java programming language and build tools, such as Apache Maven


Basic knowledge of Spring Boot and its components


PTC carefully considers a wide variety of factors when determining compensation. The anticipated average hourly rate for this position is $32/hour. This rate reflects a good\\-faith estimate of compensation at the time of posting. Actual compensation may vary based on a candidate's major, degree currently being pursued and location.


At PTC, we believe in the power of diverse ideas and perspectives. As a global company that values and respects all identities, cultures, and perspectives, we strive to create an inclusive PTC for ALL through an environment where everyone feels like they belong and are empowered to bring their true, authentic selves to work. Proud to be an Equal Opportunity Employer, we welcome applicants from all backgrounds and hire without regard to race, national origin, religion, age, color, ethnicity, ancestry, marital status, sex (including pregnancy), sexual orientation, gender identity, gender expression, genetic information, disability, veteran status, or any other characteristic protected by local, state, or federal laws, rules, or regulations. It is unlawful in Massachusetts to require or administer a lie detector test as a condition of employment or continued employment. An employer who violates this law shall be subject to criminal penalties and civil liability.
PTC endeavors to make ptc.com/careers accessible to all users. If you would like to contact us regarding the accessibility of our website or need assistance completing the application process, please contact PTC's Talent Acquisition team at TalentAcquisition@ptc.com. This contact information is for accommodation requests only and cannot be used to inquire about the status of applications.  

Life at PTC is about more than working with today’s most cutting\\-edge technologies to transform the physical world. It’s about showing up as you are and working alongside some of today’s most talented industry leaders to transform the world around you.


If you share our passion for problem\\-solving through innovation, you’ll likely become just as passionate about the PTC experience as we are. Are you ready to explore your next career move with us?


We respect the privacy rights of individuals and are committed to handling Personal Information responsibly and in accordance with all applicable privacy and data protection laws. Review our Privacy Policy.""","","https://www.indeed.com/cmp/Ptc-c5e4d329","https://d2q79iu7y748jz.cloudfront.net/s/_squarelogo/256x256/03f0e59d9ec76fafd533e0bf4cabe5c6","http://www.ptc.com","Boston, MA","5,001 to 10,000","$1B to $5B (USD)","PTC has the most robust Internet of Things technology in the world. In 1986 we revolutionized digital 3D design, and in 1998 we were first to market with Internet-based PLM.","","","","","",""
"in-b255d448233ad1c5","indeed","https://www.indeed.com/viewjob?jk=b255d448233ad1c5","https://www.amazon.jobs/jobs/3127861/-applied-science-internship--united-states-phd-student-science-recruiting-frontier-ai--robotics?cmpid=DA_INAD200785B","2026 Applied Science Internship - United States, PhD Student Science Recruiting, Frontier AI & Robotics","Amazon.com","San Francisco, CA, US","2025-11-17","fulltime","direct_data","hourly",65.0,107.0,"USD",False,"","","","","**DESCRIPTION**
---------------


Are you a brilliant mind seeking to push the boundaries of what's possible with intelligent robotics? Join our elite team of researchers and engineers \\- led by Pieter Abeel, Rocky Duan, and Peter Chen \\- at the forefront of applied science, where we're harnessing the latest advancements in large language models (LLMs) and generative AI to reshape the world of robotics and unlock new realms of innovation.  

As an Applied Science Intern, you'll have the unique opportunity to work alongside world\\-renowned experts, gaining invaluable hands\\-on experience with cutting\\-edge robotics technologies. You'll dive deep into exciting research projects at the intersection of AI and robotics.  

This internship is not just about executing tasks – it's about being a driving force behind groundbreaking discoveries. You'll collaborate with cross\\-functional teams, leveraging your expertise in areas such as deep learning, reinforcement learning, computer vision, and motion planning to tackle real\\-world problems and deliver impactful solutions.  

Throughout your journey, you'll have access to unparalleled resources, including state\\-of\\-the\\-art computing infrastructure, cutting\\-edge research papers, and mentorship from industry luminaries. This immersive experience will not only sharpen your technical skills but also cultivate your ability to think critically, communicate effectively, and thrive in a fast\\-paced, innovative environment where bold ideas are celebrated.  

Join us at the forefront of applied robotics and AI, where your contributions will shape the future of intelligent systems and propel humanity forward. Seize this extraordinary opportunity to learn, grow, and leave an indelible mark on the world of technology.  

  

Must be eligible and available for a full\\-time (40h/ week) 12 week internship between May 2026 and September 2026\\.  

  

Amazon has positions available in San Francisco, CA and Seattle, WA.  

  

The ideal candidate should possess:  

* Strong background in machine learning, deep learning, and/or robotics
* Publication record at science conferences such as NeurIPS, CVPR, ICRA, RSS, CoRL, and ICLR.
* Experience in areas such as multimodal LLMs, world models, image/video tokenization, real2Sim/Sim2real transfer, bimanual manipulation, open\\-vocabulary panoptic scene understanding, scaling up multi\\-modal LLMs, and end\\-to\\-end vision\\-language\\-action models.
* Proficiency in Python, Experience with PyTorch or JAX
* Excellent problem\\-solving skills, attention to detail, and the ability to work collaboratively in a team

  

Apply now and embark on an extraordinary journey of discovery and innovation!  

  

Key job responsibilities  

* Develop novel, scalable algorithms and modeling techniques that advance the state\\-of\\-the\\-art in areas at the intersection of LLMs and generative AI for robotics
* Tackle challenging, groundbreaking research problems on production\\-scale data, with a focus on robotic perception, manipulation, and control
* Collaborate with cross\\-functional teams to solve complex business problems, leveraging your expertise in areas such as deep learning, reinforcement learning, computer vision, and motion planning
* Demonstrate the ability to work independently, thrive in a fast\\-paced, ever\\-changing environment, and communicate effectively with diverse stakeholders
**BASIC QUALIFICATIONS**
------------------------

* Are enrolled in a PhD
* Can relocate to where the internship is based
* Experience programming in Java, C\\+\\+, Python or related language
* Must be available for full\\-time (40 hours per week) internship for the whole duration of the internship

**PREFERRED QUALIFICATIONS**
----------------------------

* Have publications at top\\-tier peer\\-reviewed conferences or journals
* Experience in designing experiments and statistical analysis of results

  

Amazon is an equal opportunity employer and does not discriminate on the basis of protected veteran status, disability, or other legally protected status.  

  

Los Angeles County applicants: Job duties for this position include: work safely and cooperatively with other employees, supervisors, and staff; adhere to standards of excellence despite stressful conditions; communicate effectively and respectfully with employees, supervisors, and staff to ensure exceptional customer service; and follow all federal, state, and local laws and Company policies. Criminal history may have a direct, adverse, and negative relationship with some of the material job duties of this position. These include the duties and responsibilities listed above, as well as the abilities to adhere to company policies, exercise sound judgment, effectively manage stress and work safely and respectfully with others, exhibit trustworthiness and professionalism, and safeguard business operations and the Company’s reputation. Pursuant to the Los Angeles County Fair Chance Ordinance, we will consider for employment qualified applicants with arrest and conviction records.  

  

Pursuant to the San Francisco Fair Chance Ordinance, we will consider for employment qualified applicants with arrest and conviction records.  

  

Our inclusive culture empowers Amazonians to deliver the best results for our customers. If you have a disability and need a workplace accommodation or adjustment during the application and hiring process, including support for the interview or onboarding process, please visit https://amazon.jobs/content/en/how\\-we\\-hire/accommodations for more information. If the country/region you’re applying in isn’t listed, please contact your Recruiting Partner.  

  

Our compensation reflects the cost of labor across several US geographic markets. The base pay for this position ranges from $65\\.38/hr in our lowest geographic market up to $107\\.40/hr in our highest geographic market. Pay is based on a number of factors including market location and may vary depending on job\\-related knowledge, skills, and experience. Amazon is a total compensation company. Dependent on the position offered, equity, sign\\-on payments, and other forms of compensation may be provided as part of a total compensation package, in addition to a full range of medical, financial, and/or other benefits. For more information, please visit https://www.aboutamazon.com/workplace/employee\\-benefits. This position will remain posted until filled. Applicants should apply via our internal or external career site.","Internet And Software","https://www.indeed.com/cmp/Amazon.com","https://d2q79iu7y748jz.cloudfront.net/s/_squarelogo/256x256/3e9d43f5c277de169808abdcaf49ba2c","https://www.amazon.jobs","440 Terry Ave N, Seattle, WA, United States, Washington","10,000+","more than $10B (USD)","Our mission is to be Earth's most customer-centric company.","","","","","",""
"in-92355ae1e175dfd3","indeed","https://www.indeed.com/viewjob?jk=92355ae1e175dfd3","https://www.amazon.jobs/jobs/3126341/research-scientist-intern-center-for-quantum-computing?cmpid=DA_INAD200785B","Research Scientist Intern, Center for Quantum Computing","Amazon Web Services","Santa Clara, CA, US","2025-11-13","fulltime","direct_data","yearly",136000.0,212800.0,"USD",False,"","","","","**DESCRIPTION**
---------------


The Amazon Web Services (AWS) Center for Quantum Computing (CQC) is a multi\\-disciplinary team of theoretical and experimental physicists, materials scientists, and hardware and software engineers on a mission to develop a fault\\-tolerant quantum computer.
  

  

Throughout your internship journey, you'll have access to unparalleled resources, including state\\-of\\-the\\-art computing infrastructure, cutting\\-edge research papers, and mentorship from industry luminaries. This immersive experience will not only sharpen your technical skills but also cultivate your ability to think critically, communicate effectively, and thrive in a fast\\-paced, innovative environment where bold ideas are celebrated.  

  

Join us at the forefront of applied science, where your contributions will shape the future of Quantum Computing and propel humanity forward. Seize this extraordinary opportunity to learn, grow, and leave an indelible mark on the world of technology.  

  

Amazon has positions available for Quantum Research Science and Applied Science Internships in Santa Clara, CA and Pasadena, CA.  

  

We are particularly interested in candidates with expertise in any of the following areas: superconducting qubits, cavity/circuit QED, quantum optics, open quantum systems, superconductivity, electromagnetic simulations of superconducting circuits, microwave engineering, benchmarking, quantum error correction, etc.  

  

In this role, you will work alongside global experts to develop and implement novel, scalable solutions that advance the state\\-of\\-the\\-art in the areas of quantum computing. You will tackle challenging, groundbreaking research problems, work with leading edge technology, focus on highly targeted customer use\\-cases, and launch products that solve problems for Amazon customers.  

  

The ideal candidate should possess the ability to work collaboratively with diverse groups and cross\\-functional teams to solve complex business problems. A successful candidate will be a self\\-starter, comfortable with ambiguity, with strong attention to detail and the ability to thrive in a fast\\-paced, ever\\-changing environment.
  

  

About the team  

Diverse Experiences  

AWS values diverse experiences. Even if you do not meet all of the qualifications and skills listed in the job description, we encourage candidates to apply. If your career is just starting, hasn’t followed a traditional path, or includes alternative experiences, don’t let it stop you from applying.  

  

Why AWS?  

Amazon Web Services (AWS) is the world’s most comprehensive and broadly adopted cloud platform. We pioneered cloud computing and never stopped innovating — that’s why customers from the most successful startups to Global 500 companies trust our robust suite of products and services to power their businesses.  

  

Inclusive Team Culture  

Here at AWS, it’s in our nature to learn and be curious. Our employee\\-led affinity groups foster a culture of inclusion that empower us to be proud of our differences. Ongoing events and learning experiences, including our Conversations on Race and Ethnicity (CORE) and AmazeCon (gender diversity) conferences, inspire us to never stop embracing our uniqueness.  

  

Mentorship \\& Career Growth  

We’re continuously raising our performance bar as we strive to become Earth’s Best Employer. That’s why you’ll find endless knowledge\\-sharing, mentorship and other career\\-advancing resources here to help you develop into a better\\-rounded professional.  

  

Work/Life Balance  

We value work\\-life harmony. Achieving success at work should never come at the expense of sacrifices at home, which is why we strive for flexibility as part of our working culture. When we feel supported in the workplace and at home, there’s nothing we can’t achieve in the cloud.  

  

Hybrid Work  

We value innovation and recognize this sometimes requires uninterrupted time to focus on a build. We also value in\\-person collaboration and time spent face\\-to\\-face. Our team affords employees options to work in the office every day or in a flexible, hybrid work model near one of our U.S. Amazon offices.

**BASIC QUALIFICATIONS**
------------------------

* Can relocate to where the internship is based


\\- \\- Are enrolled in a PhD program during/through the duration of your internship  

\\- \\- Are 18 years of age or older  

\\- \\- Ability to work 40 hours/week minimum and commit to 11 week internship minimum**PREFERRED QUALIFICATIONS**
----------------------------

* Familiarity in one or more of the following areas: superconducting qubits, cavity/circuit QED, quantum optics, open quantum systems, superconductivity, electromagnetic simulations of superconducting circuits, microwave engineering, benchmarking, quantum error correction, etc.
* Knowledge of R, MATLAB, Python or similar scripting language
* Interest is staying abreast of new research developments in the field of quantum computation

  

Amazon is an equal opportunity employer and does not discriminate on the basis of protected veteran status, disability, or other legally protected status.  

  

Los Angeles County applicants: Job duties for this position include: work safely and cooperatively with other employees, supervisors, and staff; adhere to standards of excellence despite stressful conditions; communicate effectively and respectfully with employees, supervisors, and staff to ensure exceptional customer service; and follow all federal, state, and local laws and Company policies. Criminal history may have a direct, adverse, and negative relationship with some of the material job duties of this position. These include the duties and responsibilities listed above, as well as the abilities to adhere to company policies, exercise sound judgment, effectively manage stress and work safely and respectfully with others, exhibit trustworthiness and professionalism, and safeguard business operations and the Company’s reputation. Pursuant to the Los Angeles County Fair Chance Ordinance, we will consider for employment qualified applicants with arrest and conviction records.  

  

Our inclusive culture empowers Amazonians to deliver the best results for our customers. If you have a disability and need a workplace accommodation or adjustment during the application and hiring process, including support for the interview or onboarding process, please visit https://amazon.jobs/content/en/how\\-we\\-hire/accommodations for more information. If the country/region you’re applying in isn’t listed, please contact your Recruiting Partner.  

  

Our compensation reflects the cost of labor across several US geographic markets. The base pay for this position ranges from $136,000/year in our lowest geographic market up to $212,800/year in our highest geographic market. Pay is based on a number of factors including market location and may vary depending on job\\-related knowledge, skills, and experience. Amazon is a total compensation company. Dependent on the position offered, equity, sign\\-on payments, and other forms of compensation may be provided as part of a total compensation package, in addition to a full range of medical, financial, and/or other benefits. For more information, please visit https://www.aboutamazon.com/workplace/employee\\-benefits. This position will remain posted until filled. Applicants should apply via our internal or external career site.","","https://www.indeed.com/cmp/Amazon-Web-Services-05cb4ad1","https://d2q79iu7y748jz.cloudfront.net/s/_squarelogo/256x256/744e8603d216350c9c1d21837f2ed7a6","https://aws.amazon.com/careers/why-aws/","Seattle, WA","Decline to state","more than $10B (USD)","Amazon Web Services (AWS) offers the world’s most comprehensive and broadly adopted cloud platform, with over 200 powerful services that enable our customers and our people to make more of an impact. ","","","","","",""
"in-a1259f0c73b6763a","indeed","https://www.indeed.com/viewjob?jk=a1259f0c73b6763a","https://www.amazon.jobs/jobs/3114666/manager-student-developer-community-aws-developer-experience?cmpid=DA_INAD200785B","Manager, Student Developer Community, AWS Developer Experience","Amazon Web Services","Mountain View, CA, US","2025-10-19","fulltime","direct_data","yearly",124100.0,205200.0,"USD",False,"","","","","**DESCRIPTION**
---------------


At AWS, we're passionate about empowering the next generation of cloud builders. We're seeking an innovative and strategic leader to join our Developer Experience organization and own our student programs and community initiatives. This role presents an exceptional opportunity to shape how students learn, build, and grow with AWS while creating lasting connections within the broader developer community.  

  

As the People Manager for Student Programs \\& Community, you'll work at the intersection of developer education, community building, and technical advocacy. You'll collaborate with our AWS Builder Center and AWS Builder Loft teams to create seamless, engaging experiences that meet students where they are and inspire them to build their future on AWS.  

  

Key job responsibilities  

* Lead and develop a team focused on student developer engagement and community building
* Design and execute strategic programs that increase AWS adoption among student developers globally
* Partner with AWS Builder Center and Builder Loft teams to create integrated student experiences
* Build and maintain relationships with key educational institutions and student organizations
* Define success metrics and track program effectiveness
* Drive operational excellence in program execution and team management
**BASIC QUALIFICATIONS**
------------------------

* 6\\+ years of professional non\\-internship marketing experience
* Experience using data and metrics to drive improvements
* Experience with Excel or Tableau (data manipulation, macros, charts and pivot tables)
* Experience driving direction and alignment with cross\\-functional teams
* 5\\+ years of team management experience

**PREFERRED QUALIFICATIONS**
----------------------------

* Experience leading primary research studies across various methodologies: online quant surveys, focus groups, 1:1, ethnographies, online qual, mobile
* Experience communicating results to senior leadership
* Experience in third party vendor/research partner management contract negotiation

  

Amazon is an equal opportunity employer and does not discriminate on the basis of protected veteran status, disability, or other legally protected status.  

  

Los Angeles County applicants: Job duties for this position include: work safely and cooperatively with other employees, supervisors, and staff; adhere to standards of excellence despite stressful conditions; communicate effectively and respectfully with employees, supervisors, and staff to ensure exceptional customer service; and follow all federal, state, and local laws and Company policies. Criminal history may have a direct, adverse, and negative relationship with some of the material job duties of this position. These include the duties and responsibilities listed above, as well as the abilities to adhere to company policies, exercise sound judgment, effectively manage stress and work safely and respectfully with others, exhibit trustworthiness and professionalism, and safeguard business operations and the Company’s reputation. Pursuant to the Los Angeles County Fair Chance Ordinance, we will consider for employment qualified applicants with arrest and conviction records.  

  

Our inclusive culture empowers Amazonians to deliver the best results for our customers. If you have a disability and need a workplace accommodation or adjustment during the application and hiring process, including support for the interview or onboarding process, please visit https://amazon.jobs/content/en/how\\-we\\-hire/accommodations for more information. If the country/region you’re applying in isn’t listed, please contact your Recruiting Partner.  

  

Our compensation reflects the cost of labor across several US geographic markets. The base pay for this position ranges from $124,100/year in our lowest geographic market up to $205,200/year in our highest geographic market. Pay is based on a number of factors including market location and may vary depending on job\\-related knowledge, skills, and experience. Amazon is a total compensation company. Dependent on the position offered, equity, sign\\-on payments, and other forms of compensation may be provided as part of a total compensation package, in addition to a full range of medical, financial, and/or other benefits. For more information, please visit https://www.aboutamazon.com/workplace/employee\\-benefits. This position will remain posted until filled. Applicants should apply via our internal or external career site.","","https://www.indeed.com/cmp/Amazon-Web-Services-05cb4ad1","https://d2q79iu7y748jz.cloudfront.net/s/_squarelogo/256x256/744e8603d216350c9c1d21837f2ed7a6","https://aws.amazon.com/careers/why-aws/","Seattle, WA","Decline to state","more than $10B (USD)","Amazon Web Services (AWS) offers the world’s most comprehensive and broadly adopted cloud platform, with over 200 powerful services that enable our customers and our people to make more of an impact. ","","","","","",""
"in-f76517850e23abe5","indeed","https://www.indeed.com/viewjob?jk=f76517850e23abe5","https://www.amazon.jobs/jobs/3121382/software-dev-engineer-intern--aiml-summer--artificial-general-intelligence-agi?cmpid=DA_INAD200785B","Software Dev Engineer Intern - AI/ML (Summer 2026), Artificial General Intelligence (AGI)","Amazon.com","Sunnyvale, CA, US","2025-10-16","fulltime","direct_data","hourly",47.0,96.0,"USD",False,"","","","","**DESCRIPTION**
---------------


Amazon is a powerful place for AI innovation. Over the years, we’ve driven technological breakthroughs in a wide range of customer\\-facing services and internal operations, from speech recognition with Alexa to AI\\-powered robots that optimize order fulfillment.  

  

At Amazon Artificial General Intelligence (AGI), you’ll be at the heart of AI innovation, whether you’re working with Amazon Nova—our new generation of state\\-of\\-the\\-art foundation models—or in our San Francisco lab, where we’re developing foundational capabilities for enabling useful AI agents that can take actions in the digital and physical worlds.  

  

Our Software Development Engineer (SDE) interns use modern technology to solve complex problems while seeing their work's impact first\\-hand. The challenges SDE interns solve at Amazon are meaningful and influence millions of customers, sellers, and products globally. We seek individuals passionate about creating new products, features, and services while managing ambiguity in an environment where development cycles are measured in weeks, not years.
  

  

Amazon internships across all seasons are full\\-time positions, and interns should expect to work in office, Monday\\-Friday, up to 40 hours per week typically between 8am\\-5pm. Specific team norms around working hours will be communicated by your manager. Interns should not have conflicts such as classes or other employment during the Amazon work\\-day. Applicants should have a minimum of one quarter/semester/trimester remaining in their studies after their internship concludes.  

  

Key job responsibilities  

* Collaborate and communicate effectively with experienced cross\\-disciplinary Amazonians to design, build, and operate innovative products and services that delight our customers, while participating in technical discussions to drive solutions forward.
* Design and develop scalable solutions using cloud\\-native architectures and microservices in a large distributed computing environment.
* Participate in code reviews and contribute to technical documentation.
* Build and maintain resilient distributed systems that are scalable, fault\\-tolerant, and cost\\-effective.
* Leverage and contribute to the development of GenAI and AI\\-powered tools to enhance development productivity while staying current with emerging technologies.
* Write clean, maintainable code following best practices and design patterns.
* Work in an agile environment practicing CI/CD principles while participating in operational responsibilities including on\\-call duties.
* Demonstrate operational excellence through monitoring, troubleshooting, and resolving production issues.

  

A day in the life  

As an SDE intern with the AGI team, you will assist in developing modeling techniques and help optimize performance of large model training using NVIDIA GPUs. You will learn to work with Amazon's diverse data sources and computing resources while gaining hands\\-on experience with Large Language Models (LLMs) and other Generative AI applications. As part of our collaborative team, you'll contribute to ongoing projects and learn about system architecture and best practices in AI infrastructure development. You will work in an Agile/Scrum environment, participating in daily stand\\-ups and sprint planning while delivering quality code.  

  

About the team  

Join our AGI team and work at the forefront of AI. Collaborate with top minds pushing boundaries in deep learning, reinforcement learning, and more. Gain valuable experience and accelerate your career growth. This is a unique opportunity to create history and shape the future of artificial intelligence.  

  

Mission of the team: We leverage our hyper\\-scalable, general\\-purpose large model training and inference systems to develop and deploy innovative sensory AI foundational models that revolutionize machine perception, interpretation and interaction, with humans and with the physical world.**BASIC QUALIFICATIONS**
------------------------

* Are 18 years of age or older
* Experience programming with at least one modern language such as Java, C\\+\\+, or C\\# including object\\-oriented design
* Experience with AI/ML technologies
* Are enrolled in a Bachelor's degree or above in Computer Science, Computer Engineering, Data Science, Electrical Engineering, or related STEM fields, with an expected graduation date after October 2026

**PREFERRED QUALIFICATIONS**
----------------------------

* Previous technical internship(s) or demonstrated project experience
* Strong problem\\-solving and analytical skills
* Excellent written and verbal communication skills
* Demonstrated ability to learn and adapt to new technologies quickly
* Basic understanding of software development lifecycle (SDLC)

  

Amazon is an equal opportunity employer and does not discriminate on the basis of protected veteran status, disability, or other legally protected status.  

  

Los Angeles County applicants: Job duties for this position include: work safely and cooperatively with other employees, supervisors, and staff; adhere to standards of excellence despite stressful conditions; communicate effectively and respectfully with employees, supervisors, and staff to ensure exceptional customer service; and follow all federal, state, and local laws and Company policies. Criminal history may have a direct, adverse, and negative relationship with some of the material job duties of this position. These include the duties and responsibilities listed above, as well as the abilities to adhere to company policies, exercise sound judgment, effectively manage stress and work safely and respectfully with others, exhibit trustworthiness and professionalism, and safeguard business operations and the Company’s reputation. Pursuant to the Los Angeles County Fair Chance Ordinance, we will consider for employment qualified applicants with arrest and conviction records.  

  

Our inclusive culture empowers Amazonians to deliver the best results for our customers. If you have a disability and need a workplace accommodation or adjustment during the application and hiring process, including support for the interview or onboarding process, please visit https://amazon.jobs/content/en/how\\-we\\-hire/accommodations for more information. If the country/region you’re applying in isn’t listed, please contact your Recruiting Partner.  

  

Our compensation reflects the cost of labor across several US geographic markets. The base pay for this position ranges from $47\\.84/hr in our lowest geographic market up to $96\\.15/hr in our highest geographic market. Pay is based on a number of factors including market location and may vary depending on job\\-related knowledge, skills, and experience. Amazon is a total compensation company. Dependent on the position offered, equity, sign\\-on payments, and other forms of compensation may be provided as part of a total compensation package, in addition to a full range of medical, financial, and/or other benefits. For more information, please visit https://www.aboutamazon.com/workplace/employee\\-benefits. This position will remain posted until filled. Applicants should apply via our internal or external career site.","Internet And Software","https://www.indeed.com/cmp/Amazon.com","https://d2q79iu7y748jz.cloudfront.net/s/_squarelogo/256x256/3e9d43f5c277de169808abdcaf49ba2c","https://www.amazon.jobs","440 Terry Ave N, Seattle, WA, United States, Washington","10,000+","more than $10B (USD)","Our mission is to be Earth's most customer-centric company.","","","","","",""
"in-0c9bf376285a056b","indeed","https://www.indeed.com/viewjob?jk=0c9bf376285a056b","https://www.amazon.jobs/jobs/3121440/software-dev-engineer-intern--ai-summer--amazon-devices--services?cmpid=DA_INAD200785B","Software Dev Engineer Intern - AI (Summer 2026), Amazon Devices & Services","Amazon.com","Sunnyvale, CA, US","2025-10-16","fulltime","direct_data","hourly",47.0,96.0,"USD",False,"","","","","**DESCRIPTION**
---------------


At Amazon, we're not just looking for people who can code \\- we're seeking future innovators who are ready to transform their classroom knowledge into real\\-world solutions. You'll work with technology that powers everything from Amazon.com to AWS, Prime Video, Amazon Fresh, and Alexa, making decisions that balance customer needs, technical constraints, and business goals. Whether you're developing innovative AI models for product recommendations, optimizing our vast logistics network to ensure faster deliveries, or helping secure homes through Ring's smart technology, your work will have tangible impact. You might even find yourself improving operational efficiency in our fulfillment centers using advanced robotics and machine learning. This hands\\-on experience at one of the world's most innovative companies, a pioneer in cloud computing, AI solutions, and customer experiences, will shape your understanding of how technology transforms industries and drives global change.
  

  

As a Software Development Engineer (SDE) intern, you'll take everything you've learned in the classroom and apply it to projects that impact millions of customers worldwide. Instead of theoretical assignments, you'll build real features that customers use every day. You'll work alongside experienced engineers who are invested in your success, sharing their knowledge and helping you grow. The code you write won't be graded and forgotten \\- it will run in production, serving real customers across the globe. This is your chance to learn how to scale applications beyond anything you've tackled in your coursework.  

  

Amazon internships across all seasons are full\\-time positions, and interns should expect to work in office, Monday\\-Friday, up to 40 hours per week typically between 8am\\-5pm. Specific team norms around working hours will be communicated by your manager. Interns should not have conflicts such as classes or other employment during the Amazon work\\-day. Applicants should have a minimum of one quarter/semester/trimester remaining in their studies after their internship concludes.  

  

Key job responsibilities  

* Collaborate and communicate effectively with experienced cross\\-disciplinary Amazonians to design, build, and operate innovative products and services that delight our customers, while participating in technical discussions to drive solutions forward.
* Design and develop scalable solutions using cloud\\-native architectures and microservices in a large distributed computing environment.
* Participate in code reviews and contribute to technical documentation.
* Build and maintain resilient distributed systems that are scalable, fault\\-tolerant, and cost\\-effective.
* Leverage and contribute to the development of GenAI and AI\\-powered tools to enhance development productivity while staying current with emerging technologies.
* Write clean, maintainable code following best practices and design patterns.
* Work in an agile environment practicing CI/CD principles while participating in operational responsibilities including on\\-call duties.
* Demonstrate operational excellence through monitoring, troubleshooting, and resolving production issues.

  

A day in the life  

Every day as an AI intern at Amazon Devices \\& Services will bring exciting new challenges and opportunities. You'll collaborate with your team on complex technical problems, dive deep into code, and participate in design discussions that shape future solutions. Your dedicated mentor will be there to support your growth and learning journey throughout your internship.
  

  

You'll own and drive a meaningful project that matters to our business and customers. From focused coding sessions to team brainstorms, you'll work alongside experienced Amazonians while learning innovative technologies. Throughout your internship, you'll connect with fellow interns, build your network, and participate in events designed for both personal and professional development. With structured feedback supporting your growth, every day offers a unique chance to experience Amazon's culture of innovation firsthand while making real impact.  

  

About the team  

At Amazon Devices \\& Services, we imagine the future and then create it. Join brilliant minds to build new categories of technology that become part of everyone's everyday life. Together, we create connected experiences that transform lives, communities, and the world with our work.
  

  

Say hello to Ring, Blink, and Amazon Key. Together, we’re making neighborhoods safer with products that make homes more secure and life more convenient. Our teams are on a mission to create affordable, innovative, and easy\\-to\\-use smart home security devices.**BASIC QUALIFICATIONS**
------------------------

* Are 18 years of age or older
* Experience programming with at least one modern language such as Java, C\\+\\+, or C\\# including object\\-oriented design
* Experience with AI/ML technologies
* Are enrolled in a Bachelor's degree or above in Computer Science, Computer Engineering, Data Science, Electrical Engineering, or related STEM fields, with an expected graduation date after October 2026

**PREFERRED QUALIFICATIONS**
----------------------------

* Experience communicating technical concepts and processes using clear, simple language and visuals
* Experience in GenAI and Agent service development using LLM/VLM.
* Previous technical internship(s) or demonstrated project experience
* Strong problem\\-solving and analytical skills
* Demonstrated ability to learn and adapt to new technologies quickly
* Basic understanding of software development lifecycle (SDLC)

  

Amazon is an equal opportunity employer and does not discriminate on the basis of protected veteran status, disability, or other legally protected status.  

  

Los Angeles County applicants: Job duties for this position include: work safely and cooperatively with other employees, supervisors, and staff; adhere to standards of excellence despite stressful conditions; communicate effectively and respectfully with employees, supervisors, and staff to ensure exceptional customer service; and follow all federal, state, and local laws and Company policies. Criminal history may have a direct, adverse, and negative relationship with some of the material job duties of this position. These include the duties and responsibilities listed above, as well as the abilities to adhere to company policies, exercise sound judgment, effectively manage stress and work safely and respectfully with others, exhibit trustworthiness and professionalism, and safeguard business operations and the Company’s reputation. Pursuant to the Los Angeles County Fair Chance Ordinance, we will consider for employment qualified applicants with arrest and conviction records.  

  

Our inclusive culture empowers Amazonians to deliver the best results for our customers. If you have a disability and need a workplace accommodation or adjustment during the application and hiring process, including support for the interview or onboarding process, please visit https://amazon.jobs/content/en/how\\-we\\-hire/accommodations for more information. If the country/region you’re applying in isn’t listed, please contact your Recruiting Partner.  

  

Our compensation reflects the cost of labor across several US geographic markets. The base pay for this position ranges from $47\\.84/hr in our lowest geographic market up to $96\\.15/hr in our highest geographic market. Pay is based on a number of factors including market location and may vary depending on job\\-related knowledge, skills, and experience. Amazon is a total compensation company. Dependent on the position offered, equity, sign\\-on payments, and other forms of compensation may be provided as part of a total compensation package, in addition to a full range of medical, financial, and/or other benefits. For more information, please visit https://www.aboutamazon.com/workplace/employee\\-benefits. This position will remain posted until filled. Applicants should apply via our internal or external career site.","Internet And Software","https://www.indeed.com/cmp/Amazon.com","https://d2q79iu7y748jz.cloudfront.net/s/_squarelogo/256x256/3e9d43f5c277de169808abdcaf49ba2c","https://www.amazon.jobs","440 Terry Ave N, Seattle, WA, United States, Washington","10,000+","more than $10B (USD)","Our mission is to be Earth's most customer-centric company.","","","","","",""
"li-4319393294","linkedin","https://www.linkedin.com/jobs/view/4319393294","","Intern, Machine Learning","Samsung Semiconductor","San Jose, CA","2025-11-19","","","","","","",False,"","","","","","","https://www.linkedin.com/company/samsungsemiconductor","","","","","","","","","","","",""
"li-4332856439","linkedin","https://www.linkedin.com/jobs/view/4332856439","","AI Intern","Prologis","San Francisco, CA","2025-11-19","","","","","","",False,"","","","","","","https://www.linkedin.com/company/prologis","","","","","","","","","","","",""
"li-4347020320","linkedin","https://www.linkedin.com/jobs/view/4347020320","","IT Intern for Workflow Automation","Western Digital","San Jose, CA","2025-11-19","","","","","","",False,"","","","","","","https://www.linkedin.com/company/western-digital","","","","","","","","","","","",""
"li-4310020889","linkedin","https://www.linkedin.com/jobs/view/4310020889","","Product Management, Intern (Fall 2025)","Glean","Palo Alto, CA","2025-11-18","","","","","","",False,"","","","","","","https://www.linkedin.com/company/gleanwork","","","","","","","","","","","",""
"li-4323361338","linkedin","https://www.linkedin.com/jobs/view/4323361338","","Machine Learning Intern","Numenta","Menlo Park, CA","2025-11-18","","","","","","",False,"","","","","","","https://www.linkedin.com/company/numenta","","","","","","","","","","","",""
"li-4318417109","linkedin","https://www.linkedin.com/jobs/view/4318417109","","Live Service Marketing Operations Intern","Electronic Arts (EA)","Redwood City, CA","2025-11-18","","","","","","",False,"","","","","","","https://www.linkedin.com/company/electronic-arts","","","","","","","","","","","",""
"li-4336655211","linkedin","https://www.linkedin.com/jobs/view/4336655211","","Intern, Corporate Development","Denali Therapeutics","South San Francisco, CA","2025-11-18","","","","","","",False,"","","","","","","https://www.linkedin.com/company/denali-therapeutics","","","","","","","","","","","",""
"li-4336802588","linkedin","https://www.linkedin.com/jobs/view/4336802588","","Summer Intern, Finance","Emerson Collective","Palo Alto, CA","2025-11-18","","","","","","",False,"","","","","","","https://www.linkedin.com/company/emerson-collective","","","","","","","","","","","",""
"li-4337620036","linkedin","https://www.linkedin.com/jobs/view/4337620036","","Intern, Machine Learning","Mercedes-Benz Research & Development North America, Inc.","San Jose, CA","","","","","","","",False,"","","","","","","https://www.linkedin.com/company/mbrdna","","","","","","","","","","","",""
"li-4337113503","linkedin","https://www.linkedin.com/jobs/view/4337113503","","Product Marketing Intern","DomainTools","San Francisco, CA","","","","","","","",False,"","","","","","","https://www.linkedin.com/company/domaintools","","","","","","","","","","","",""
